Date,Step Count
2024-10-06,8581
2024-10-07,12418
2024-10-08,8478
2024-10-09,12978
2024-10-10,8680
2024-10-11,18426
2024-10-12,12993
2024-10-13,7958
2024-10-14,10019
2024-10-15,16961
2024-10-16,12031
2024-10-17,9151
2024-10-18,10174
2024-10-19,1974
2024-10-20,6072
2024-10-21,3769
2024-10-22,12991
2024-10-23,7011
2024-10-24,9582
2024-10-25,10360
2024-10-26,7107
2024-10-27,10933
2024-10-28,11062
2024-10-29,4758
2024-10-30,9044
2024-10-31,8396
2024-11-01,12181
2024-11-02,18151
2024-11-03,6910
2024-11-04,9295
2024-11-05,8583
2024-11-06,9482
2024-11-07,11936
2024-11-08,9474
2024-11-09,7754
2024-11-10,9477
2024-11-11,9421
2024-11-12,6953
2024-11-13,10339
2024-11-14,6638
2024-11-15,7794
2024-11-16,8118
2024-11-17,8471
2024-11-18,9445
2024-11-19,6729
2024-11-20,7518
2024-11-21,8717
2024-11-22,11896
2024-11-23,11542
2024-11-24,6921
2024-11-25,10560
2024-11-26,2355
2024-11-27,3609
2024-11-28,3758
2024-11-29,2615
2024-11-30,3740
2024-12-01,6514
2024-12-02,11350
2024-12-03,7776
2024-12-04,8866
2024-12-05,7319
2024-12-06,7629
2024-12-07,6214
2024-12-08,9853
2024-12-09,7922
2024-12-10,6906
2024-12-11,2836
2024-12-12,9358
2024-12-13,3540
2024-12-14,4313
2024-12-15,3286
2024-12-16,6520
2024-12-17,4372
2024-12-18,4102
2024-12-19,3109
2024-12-20,3084
2024-12-21,3770
2024-12-22,10194
2024-12-23,3996
2024-12-24,2562
2024-12-25,878
2024-12-26,3841
